slug,name,url,price,read,source,note,gap
oddsjam,OddsJam,https://oddsjam.com/,Promo Arbitrage $79.99/mo; Pre-Match Arbitrage $199.99/mo; Live Arbitrage $499.99/mo,2026-09-24,https://oddsjam.com/subscribe,150+ books and an odds screen refreshing every second,Publishes no fill rate and no latency figure
avo,AVO,https://www.avo.bet/,Free (3% cap); Pro $88/mo; day pass $22,2026-08-17,https://www.avo.bet/,89+ books,The free tier's odds screen runs on a stated 10-second delay
betstamp-pro,Betstamp PRO,https://www.betstamp.com/,~$347/mo (demo-gated),2026-08-17,https://oddsplays.com/reviews/betstamp-pro/,A pro-grade odds screen,No published measure of how often a surfaced line is still there
pikkit,Pikkit,https://pikkit.com/,Free; Pro tier,2026-08-17,https://pikkit.com/pro,A bet tracker syncing from 30+ books,Syncs by taking your sportsbook credentials
crazy-ninja-odds,Crazy Ninja Odds,https://crazyninjaodds.com/,Free (optional support from $5/mo),2026-09-24,http://www.crazyninjamike.com/Public/sportsbooks/sportsbook_devigger.aspx,Free devigger with four methods and a worst case,"Shows the four methods and a worst case, not the spread between them as one number"
rebelbetting,RebelBetting,https://www.rebelbetting.com/,Starter £89/mo; Pro £169/mo,2026-08-17,https://www.rebelbetting.com/pricing,Prematch arbitrage across ~100 bookmakers,No published measure of how often a surfaced arb is still placeable
betburger,BetBurger,https://betburger.com/,From €79.99/mo; ~€320/mo combined,2026-08-17,https://getarbitragebets.com/blog/betburger-review,An arbitrage and value scanner across 400+ bookmakers,Reports a raw arb percentage with no fill probability behind it
unabated,Unabated,https://unabated.com/,$99-199/mo,2026-08-17,https://betherosports.com/blog/unabated-alternative,Sharp tools built by professional bettors around the Unabated Line,One fair line rather than the spread the devig methods actually allow
smartstake,SmartStake,https://www.smartstake.app/,$99/mo,2026-08-17,https://www.smartstake.app/learn/best-ev-betting-software,"EV, arbitrage, middles, promos and a tracker in one plan",No interval on the EV it reports and no correction for slicing a record
