slug,title,question
how-to-devig-odds,How to devig odds,How do you find the true probability behind a sportsbook's price?
what-is-closing-line-value,What is closing line value,Why do sharp bettors care more about CLV than profit?
how-to-convert-a-bonus-bet,How to convert a bonus bet to cash,What is a free bet actually worth and how do you cash it?
what-is-arbitrage-betting,What is arbitrage betting,How do you bet both sides and still win?
what-does-plus-ev-mean,What does +EV mean in betting,What makes a bet mathematically profitable?
what-is-a-middle-bet,What is a middle bet,How can two bets both win?
how-to-avoid-getting-limited,How to avoid getting limited,Why do sportsbooks limit winners and what actually extends an account?
what-is-vig-and-hold,What is vig and hold,How much is the sportsbook charging you?
how-to-use-the-kelly-criterion,How to use the Kelly criterion,How much of your bankroll should one bet be?
how-to-read-american-odds,How to read American odds,What do +150 and -200 actually mean?
how-to-hedge-a-bet,How to hedge a bet,How do you lock in a profit on a position you already hold?
what-is-a-low-hold-bet,What is a low hold bet,How do you pay less juice on every bet?
how-to-track-your-betting-results,How to track your betting results,What should you actually measure?
why-your-bets-get-rejected,Why your bets get rejected,Why does the line disappear the moment you tap it?
