code,online_legal,launch_date,regulator,tax_rate,min_age,college_props,retail_venues,source,note,fetched_at
AR,yes,2022-03,Arkansas Racing Commission,13,21,allowed,3,https://www.dfa.arkansas.gov/wp-content/uploads/2025ArkansasCasinoGamingNewRules_1.pdf,"Regulator, age and college rules are from the codified rules at 23 CAR Part 358. The 13% is the first tier of the net casino gaming receipts tax that covers sports wagering, stepping to 20% above $150M.",2026-08-18
AZ,yes,2021-09-09,Arizona Department of Gaming,10,21,restricted,,https://www.cftc.gov/media/12146/ArizonaDepartmentOfGaming060225/download,"10% of adjusted gross receipts for mobile against 8% retail, capped by A.R.S. 5-1318. College props are barred; college game outcomes are allowed. Source is the Department's own signed 2025 letter, as its website is behind a challenge page.",2026-08-18
CO,yes,2020-05-01,Colorado Limited Gaming Control Commission,10,21,banned,10,https://sbg.colorado.gov/licensed-sports-books-and-operators,"Tax, age and the collegiate proposition-bet ban are from the Division of Gaming's rules, 1 CCR 207-2.",2026-08-18
CT,yes,2021-10-19,Connecticut Department of Consumer Protection,13.75,21,restricted,,https://portal.ct.gov/gaming/knowledge-base/categories/online-gaming/sports-wagering,13.75% of gross gaming revenue under Public Act 21-23. Wagers on Connecticut college teams are barred except in permitted multi-team tournaments.,2026-08-18
DC,yes,2020-05-28,Office of Lottery and Gaming,20,18,restricted,4,https://dclottery.com/olg/sports-wagering-faqs,"Tax is tiered by licence class under DC Code 36-621.15; 20% is the Class A rate. Age 18, not 21. No wagering on events held in DC or on a DC college team.",2026-08-18
DE,yes,2024-01-03,Delaware State Lottery Office,50,21,restricted,3,https://delcode.delaware.gov/title29/c048/sc01/,"The 50% is the statutory state share of net sports lottery proceeds under 29 Del. C. Ch. 48, a revenue allocation rather than a conventional tax. Delaware-based teams are excluded.",2026-08-18
FL,yes,2023-11,Florida Gaming Control Commission,,21,banned,,https://www.flsenate.gov/Laws/Statutes/2025/285.710,"Regulation is layered: the Seminole Tribal Gaming Commission regulates under the 2021 compact, and Fla. Stat. 285.710(7) makes the FGCC the state compliance agency. No gross-revenue tax; the Tribe pays a revenue share.",2026-08-18
IA,yes,2019-08,Iowa Racing and Gaming Commission,6.75,21,restricted,19,https://irgc.iowa.gov/,Tax confirmed in Iowa Code 99F.11. Player props on athletes from Iowa colleges are prohibited; other college wagering is allowed.,2026-08-18
IL,yes,2020-06-18,Illinois Gaming Board,,21,restricted,15,https://igb.illinois.gov/sports-wagering/sports-reports.html,"Tax is graduated from 20% to 40% of adjusted gross receipts with a separate per-wager tax, so no single rate is quoted. No online wagers on Illinois college teams and none on an individual student athlete.",2026-08-18
IN,yes,,Indiana Gaming Commission,9.5,21,restricted,,https://www.in.gov/igc/files/sportswagering/Sports-Wagering-FAQs.pdf,9.5% of adjusted gross receipts. A 2024 Commission directive limits college wagering to NCAA Division I and bars in-play college player props.,2026-08-18
KS,yes,,Kansas Racing and Gaming Commission,10,21,,,https://krgc.kansas.gov/sports-wagering,The Kansas Lottery owns and operates wagering; the Racing and Gaming Commission certifies and enforces. The 10% is a statutory revenue share rather than an excise.,2026-08-18
KY,yes,2023-09-28,Kentucky Horse Racing and Gaming Corporation,14.25,21,restricted,,https://taxanswers.ky.gov/Sales-and-Excise-Taxes/Pages/Sports-Wagering-.aspx,14.25% online against 9.75% retail under KRS 138.552. HB 904 (2026) raised the age from 18 to 21 and barred negative-outcome props on Kentucky college athletes.,2026-08-18
LA,yes,,Louisiana Gaming Control Board,21.5,,restricted,,https://legis.la.gov/Legis/Law.aspx?d=1239411,"La. R.S. 27:625 levies 21.5% on net proceeds wagered electronically against 10% onsite. No prop bet on an individual athlete in any college event, in-state or not.",2026-08-18
MA,yes,,Massachusetts Gaming Commission,20,21,restricted,3,https://massgaming.com/regulations/revenue/,20% of gross revenue online against 15% retail under MGL c.23N s.14. 205 CMR 247.01 bars all college player props and any Massachusetts college team outside a tournament.,2026-08-18
MD,yes,2022-11-23,Maryland Lottery and Gaming Control Commission,20,21,,14,https://www.mdgaming.com/sports-wagering/,The mobile rate rose to 20% on 1 July 2025; retail is taxed at 15%.,2026-08-18
ME,yes,2023-11,"Gambling Control Unit, Maine Department of Public Safety",10,21,restricted,1,https://www.maine.gov/dps/gcu/sports-wagering,Maine bars wagering on any event a Maine college team plays in (8 MRS 1202(11)).,2026-08-18
MI,yes,2021-01-22,Michigan Gaming Control Board,8.4,21,allowed,,https://www.michigan.gov/mgcb/detroit-casinos/resources/revenues-and-wagering-tax-information,"8.4% on adjusted gross receipts (MCL 432.414(1)), retail and online alike. A city may add a 1.25% municipal services fee.",2026-08-18
MO,yes,2025-12-01,Missouri Gaming Commission,10,21,restricted,8,https://www.mgc.dps.mo.gov/SportsWagering/Sports_Wagering_Launch122025.pdf,Mo. Const. art. III s.39(g) bars props on an individual athlete in a college game involving an in-state team; college game bets are allowed.,2026-08-18
NC,yes,2024-03-11,North Carolina State Lottery Commission,18,21,,0,https://ncgaming.gov/faqs-2/,No state-licensed retail sportsbooks; tribal casino sportsbooks sit outside the Commission's jurisdiction.,2026-08-18
NJ,yes,,New Jersey Division of Gaming Enforcement,19.75,,,,https://www.nj.gov/treasury/taxation/newlegislation.shtml,"19.75% is the online rate, raised on 1 July 2025 by P.L.2025 c.66. Retail is taxed separately at a lower rate.",2026-08-18
NV,yes,,Nevada Gaming Control Board,6.75,,,,https://www.gaming.nv.gov/divisions/tax-license-division/license-fees-and-tax-rate-schedule/,6.75% is the top tier of a graduated fee on gross gaming revenue. Mobile accounts require in-person registration at a licensed casino.,2026-08-18
NY,yes,2022-01-08,New York State Gaming Commission,51,,restricted,,https://gaming.ny.gov/sports-wagering,"No wagers on events involving any New York college team, wherever played, or on high school events.",2026-08-18
OH,yes,2023-01-01,Ohio Casino Control Commission,20,21,,,https://codes.ohio.gov/ohio-revised-code/section-5753.021,"Verified against the Ohio Revised Code: 20% of sports gaming receipts (5753.021), regulator in 3775.01, age 21 in 3775.12.",2026-08-18
OR,yes,,Oregon Lottery,,,,,https://www.oregonlottery.org/about/,"A lottery-run single-vendor model, so there is no gross-revenue tax rate. Separate tribal retail sportsbooks operate under compacts.",2026-08-18
PA,yes,,Pennsylvania Gaming Control Board,,,,,https://gamingcontrolboard.pa.gov/,,2026-08-18
TN,yes,2020-11-01,Tennessee Sports Wagering Council,,21,,0,https://www.tn.gov/swac/about/faqs.html,"Tennessee taxes handle rather than revenue, at 1.85% of gross handle. Online only: the regulator states physical sportsbooks and kiosks are not legal.",2026-08-18
VA,yes,2021-01-21,Virginia Lottery,15,21,restricted,,https://www.valottery.com/aboutus/casinosandsportsbetting/sportsbetting,"15% of adjusted gross revenue. No wagers on Virginia college teams, and college player props are banned outright.",2026-08-18
WV,yes,2019-08,West Virginia Lottery Commission,10,21,,5,https://code.wvlegislature.gov/29-22D-16/,Tax and the age-21 requirement are quoted from WV Code 29-22D-16 and 29-22D-15.,2026-08-18
WY,yes,2021-09-01,Wyoming Gaming Commission,,,,0,https://gaming.wyo.gov/OSW,"Online only, no retail sportsbooks. The commonly quoted 10% rate and age 18 come from statute text that could not be retrieved directly, so neither is stated here.",2026-08-18
